{"B1019": [1393976.2054933046],  "B1020": [2673043.8921989915], "B1021": [1707814.0750686487, 2616211.008784837], "B1022": [2692719.5006957706], "B1023": [2684563.9251786983, 1824040.386498684], "B1024": [2696529.0467851944], "B1025": [1246494.04185334, 1824040.386498684], "B1026": [2566310.2819801923], "B1029": [1874826.433867195, 2789221.8830576143], "B1031": [1403152.9898545113, 2622086.201198336], "B1030": [3575895.9093034747], "B1032": [1419537.1926996035, 2681814.1814891915], "B1034": [3700224.100333642], "B1035": [1418457.3220678503, 1373449.595955678], "B1037": [3468320.4874693067], "B1039": [1370376.8657950847, 2399670.06421598], "B1038": [1794843.5594613994, 1744285.9004683367], "B1040": [1374028.0898931518, 3503586.1039907145], "B1041": [1867641.5138819895, 2226624.9119197703], "B1042": [2602157.523726955], "B1036": [2120645.2112762076], "B1043": [1398034.8724410096, 2940640.0693365126], "B1033": [3511394.1631754246], "B1044": [2613775.4414648777], "B1045": [1899074.5839162816, 3233554.8208153015], "B1046": [2551750.024901309, 2617297.663788808, 1347524.053738641], "B1047": [2576374.566224341, 2729667.276695393, 3496350.0106036556], "B1048": [1832538.3102733968, 1340238.3637118535, 2797570.273199788, 2509827.623981645], "B1049": [2579592.124443215, 1797328.2578745286, 2421211.5550674694, 2492018.327147666], "B1050": [1318832.6888632514], "B1051": [1768756.845986818, 1344559.1722055105], "B1052": [1329346.0936859476, 1459191.7938831027], "B1053": [1329346.0936859476, 1459191.7938831027],"B1055": [4439934.225577914], "B1056": [1340578.9022052616, 1343422.9883411385, 2597033.96714171], "B1057": [4738682.519678773], "B1059": [2173984.477483382]}